split,retriever,slice,n,hit@1,hit@5,hit@10,mrr@10,ndcg@10
test,bm25,all,269,0.6283,0.8216,0.8848,0.7048,0.5568
test,bm25,incident_snapshot,4,0.7500,1.0000,1.0000,0.8000,0.7170
test,bm25,error_string,27,0.8148,1.0000,1.0000,0.8809,0.8512
test,bm25,symptom,61,0.6066,0.7705,0.8361,0.6771,0.6367
test,bm25,how_to,64,0.5156,0.7344,0.7969,0.5990,0.5547
test,bm25,kubectl_output,17,0.7647,1.0000,1.0000,0.8225,0.7973
test,bm25,low_overlap,59,0.4237,0.6610,0.7119,0.5097,0.4444
test,bm25,real_incident_heldout,10,1.0000,1.0000,1.0000,1.0000,0.3383
test,bm25,real_incident_seen,54,0.7778,0.9259,0.9815,0.8537,0.3667
test,bm25,stackoverflow,32,0.2812,0.5938,0.7812,0.4023,0.4011
test,minilm,all,269,0.5316,0.7993,0.8848,0.6506,0.5662
test,minilm,incident_snapshot,4,0.5000,0.5000,0.7500,0.5357,0.4847
test,minilm,error_string,27,0.5556,0.7778,0.8889,0.6673,0.6916
test,minilm,symptom,61,0.5902,0.8033,0.8525,0.6778,0.6357
test,minilm,how_to,64,0.4844,0.7812,0.9219,0.6138,0.6065
test,minilm,kubectl_output,17,0.2941,0.7059,0.8824,0.4870,0.5170
test,minilm,low_overlap,59,0.5763,0.7627,0.8983,0.6669,0.5853
test,minilm,real_incident_heldout,10,0.8000,0.9000,1.0000,0.8625,0.3893
test,minilm,real_incident_seen,54,0.6481,0.9444,0.9630,0.7755,0.4852
test,minilm,stackoverflow,32,0.3438,0.6562,0.7188,0.4824,0.4760
test,bge-small,all,269,0.5651,0.8327,0.8922,0.6844,0.6263
test,bge-small,incident_snapshot,4,0.7500,0.7500,1.0000,0.7857,0.7640
test,bge-small,error_string,27,0.6667,0.9259,0.9630,0.7806,0.7802
test,bge-small,symptom,61,0.5410,0.8033,0.8361,0.6489,0.6375
test,bge-small,how_to,64,0.5625,0.8594,0.9531,0.7044,0.7013
test,bge-small,kubectl_output,17,0.5882,0.8235,0.9412,0.6995,0.6994
test,bge-small,low_overlap,59,0.5254,0.8305,0.8814,0.6685,0.6323
test,bge-small,real_incident_heldout,10,0.5000,1.0000,1.0000,0.7033,0.4508
test,bge-small,real_incident_seen,54,0.7222,0.9074,0.9259,0.8056,0.5531
test,bge-small,stackoverflow,32,0.2500,0.5938,0.6875,0.3997,0.4479
test,bge-base,all,269,0.6208,0.8810,0.9294,0.7254,0.6769
test,bge-base,incident_snapshot,4,0.7500,0.7500,1.0000,0.7812,0.7868
test,bge-base,error_string,27,0.7407,0.9259,0.9259,0.8210,0.8236
test,bge-base,symptom,61,0.6230,0.8361,0.8689,0.7005,0.6985
test,bge-base,how_to,64,0.6406,0.9375,0.9688,0.7635,0.7679
test,bge-base,kubectl_output,17,0.5294,0.8824,0.8824,0.6765,0.6918
test,bge-base,low_overlap,59,0.5932,0.8644,0.8983,0.6962,0.6902
test,bge-base,real_incident_heldout,10,0.7000,0.8000,0.9000,0.7375,0.4761
test,bge-base,real_incident_seen,54,0.7407,0.8889,0.9630,0.8097,0.5525
test,bge-base,stackoverflow,32,0.2812,0.8438,0.9375,0.4892,0.5814
test,hybrid:bge-small,all,269,0.6654,0.8810,0.9405,0.7605,0.6582
test,hybrid:bge-small,incident_snapshot,4,0.7500,1.0000,1.0000,0.8333,0.8161
test,hybrid:bge-small,error_string,27,0.8148,0.9630,0.9630,0.8827,0.8647
test,hybrid:bge-small,symptom,61,0.6230,0.8361,0.9344,0.7241,0.7110
test,hybrid:bge-small,how_to,64,0.6562,0.8594,0.9062,0.7382,0.6945
test,hybrid:bge-small,kubectl_output,17,0.7059,1.0000,1.0000,0.7961,0.8050
test,hybrid:bge-small,low_overlap,59,0.6102,0.7797,0.8814,0.6811,0.6177
test,hybrid:bge-small,real_incident_heldout,10,0.9000,1.0000,1.0000,0.9500,0.4663
test,hybrid:bge-small,real_incident_seen,54,0.7963,0.9444,0.9815,0.8707,0.5058
test,hybrid:bge-small,stackoverflow,32,0.3125,0.7188,0.8750,0.4985,0.5301
